{"cameraMode":{"drawMode":0,"name":"Shaded","section":"Shading Mode"},"sceneLighting":true,"audioPlay":false,"sceneViewState":{"m_AlwaysRefresh":false,"showFog":true,"showSkybox":true,"showFlares":true,"showImageEffects":true,"showParticleSystems":true,"showVisualEffectGraphs":true,"m_FxEnabled":true},"in2DMode":false,"pivot":{"x":-209.14031982421876,"y":247.7039794921875,"z":45.2921142578125},"rotation":{"x":-0.005283100996166468,"y":0.9710258841514587,"z":-0.23794490098953248,"w":-0.021559424698352815},"size":171.23133850097657,"orthographic":false}