{"cameraMode":{"drawMode":0,"name":"Shaded","section":"Shading Mode"},"sceneLighting":false,"audioPlay":true,"sceneViewState":{"m_AlwaysRefresh":false,"showFog":true,"showSkybox":true,"showFlares":true,"showImageEffects":true,"showParticleSystems":true,"showVisualEffectGraphs":true,"m_FxEnabled":true},"in2DMode":false,"pivot":{"x":327.75506591796877,"y":6.002433776855469,"z":891.8052978515625},"rotation":{"x":0.11560600250959397,"y":-0.19859759509563447,"z":0.023439941927790643,"w":0.9733220934867859},"size":221.93569946289063,"orthographic":false}