{"cameraMode":{"drawMode":0,"name":"Shaded","section":"Shading Mode"},"sceneLighting":false,"audioPlay":false,"sceneViewState":{"m_AlwaysRefresh":false,"showFog":false,"showSkybox":false,"showFlares":false,"showImageEffects":false,"showParticleSystems":false,"showVisualEffectGraphs":true,"m_FxEnabled":true},"in2DMode":false,"pivot":{"x":0.5307318568229675,"y":0.9367309808731079,"z":0.2600019574165344},"rotation":{"x":0.030119555070996286,"y":0.9634591937065125,"z":-0.12292178720235825,"w":0.23607765138149262},"size":1.047652244567871,"orthographic":false}