{"cameraMode":{"drawMode":0,"name":"Shaded","section":"Shading Mode"},"sceneLighting":false,"audioPlay":false,"sceneViewState":{"m_AlwaysRefresh":false,"showFog":true,"showSkybox":false,"showFlares":true,"showImageEffects":true,"showParticleSystems":true,"showVisualEffectGraphs":true,"m_FxEnabled":true},"in2DMode":false,"pivot":{"x":-1.696738600730896,"y":1.2785401344299317,"z":-2.931936502456665},"rotation":{"x":0.0073049296624958519,"y":0.979190468788147,"z":-0.20071113109588624,"w":0.03343263640999794},"size":2.0657010078430177,"orthographic":false}